user_email,full_name,department,country
olivia.nielsen@examplecorp.com,Olivia Nielsen,Marketing,Australia
liam.lopez@examplecorp.com,Liam Lopez,Customer Support,Germany
lucas.lopez@examplecorp.com,Lucas Lopez,Finance,Germany
sophia.garcia@examplecorp.com,Sophia Garcia,Product,United States
liam.garcia@examplecorp.com,Liam Garcia,Talent Acquisition,India
emma.garcia@examplecorp.com,Emma Garcia,Finance,Denmark
liam.brown@examplecorp.com,Liam Brown,Engineering,India
olivia.garcia@examplecorp.com,Olivia Garcia,Customer Support,Denmark
ava.jensen@examplecorp.com,Ava Jensen,Talent Acquisition,United States
mason.jensen@examplecorp.com,Mason Jensen,Talent Acquisition,Denmark
sophia.nielsen@examplecorp.com,Sophia Nielsen,Engineering,Germany
emma.hansen@examplecorp.com,Emma Hansen,Talent Acquisition,Australia
ava.jensen12@examplecorp.com,Ava Jensen,Engineering,Germany
noah.brown@examplecorp.com,Noah Brown,Finance,Canada
olivia.brown@examplecorp.com,Olivia Brown,Engineering,India
liam.garcia15@examplecorp.com,Liam Garcia,Product,India
sophia.smith@examplecorp.com,Sophia Smith,Customer Support,Canada
mason.smith@examplecorp.com,Mason Smith,Sales,Canada
ava.johnson@examplecorp.com,Ava Johnson,Sales,Denmark
ava.brown@examplecorp.com,Ava Brown,Engineering,United States
sophia.johnson@examplecorp.com,Sophia Johnson,Finance,United States
emma.nielsen@examplecorp.com,Emma Nielsen,Customer Support,India
lucas.johnson@examplecorp.com,Lucas Johnson,Engineering,Australia
ava.garcia@examplecorp.com,Ava Garcia,Customer Support,Canada
noah.hansen@examplecorp.com,Noah Hansen,HR,Canada
emma.smith@examplecorp.com,Emma Smith,HR,Germany
sophia.johnson26@examplecorp.com,Sophia Johnson,Finance,Canada
liam.johnson@examplecorp.com,Liam Johnson,Sales,Canada
emma.lopez@examplecorp.com,Emma Lopez,HR,Denmark
liam.smith@examplecorp.com,Liam Smith,Finance,India
mason.jensen30@examplecorp.com,Mason Jensen,HR,Denmark
liam.garcia31@examplecorp.com,Liam Garcia,Sales,Canada
liam.brown32@examplecorp.com,Liam Brown,Product,Australia
mason.lopez@examplecorp.com,Mason Lopez,Sales,Germany
noah.jensen@examplecorp.com,Noah Jensen,Talent Acquisition,United States
emma.garcia35@examplecorp.com,Emma Garcia,Finance,United States
noah.lopez@examplecorp.com,Noah Lopez,Finance,India
mason.lopez37@examplecorp.com,Mason Lopez,Engineering,Denmark
mason.garcia@examplecorp.com,Mason Garcia,Finance,Canada
noah.smith@examplecorp.com,Noah Smith,Product,Australia
emma.garcia40@examplecorp.com,Emma Garcia,Engineering,Denmark
emma.garcia41@examplecorp.com,Emma Garcia,Engineering,Canada
emma.garcia42@examplecorp.com,Emma Garcia,Finance,India
noah.smith43@examplecorp.com,Noah Smith,Finance,United States
olivia.garcia44@examplecorp.com,Olivia Garcia,Sales,India
ava.garcia45@examplecorp.com,Ava Garcia,Finance,Australia
lucas.hansen@examplecorp.com,Lucas Hansen,Finance,Germany
olivia.jensen@examplecorp.com,Olivia Jensen,Marketing,Australia
lucas.johnson48@examplecorp.com,Lucas Johnson,Product,India
ava.garcia49@examplecorp.com,Ava Garcia,Sales,India
liam.nielsen@examplecorp.com,Liam Nielsen,Talent Acquisition,Australia
noah.garcia@examplecorp.com,Noah Garcia,Marketing,United States
ava.smith@examplecorp.com,Ava Smith,Sales,Australia
lucas.hansen53@examplecorp.com,Lucas Hansen,HR,Australia
olivia.johnson@examplecorp.com,Olivia Johnson,Customer Support,United States
mason.garcia55@examplecorp.com,Mason Garcia,Engineering,Germany
ava.garcia56@examplecorp.com,Ava Garcia,Marketing,India
lucas.garcia@examplecorp.com,Lucas Garcia,Customer Support,India
noah.smith58@examplecorp.com,Noah Smith,Engineering,United States
noah.johnson@examplecorp.com,Noah Johnson,Finance,Germany
james.wilson@examplecorp.com,James Wilson,Engineering ,United Kingdom
sarah.taylor@examplecorp.com,Sarah Taylor,Sales,
